noise_k,penalty_mode,population,generation,offspring_evaluations,real_failure_point,real_failure_lo,real_failure_hi,imagined_failure_point,imagined_failure_lo,imagined_failure_hi,imagined_common_k0_point,imagined_common_k0_lo,imagined_common_k0_hi,gap_own_noise_point,gap_own_noise_lo,gap_own_noise_hi,gap_common_k0_point,gap_common_k0_lo,gap_common_k0_hi,real_progress_point,real_progress_lo,real_progress_hi,real_failure_change_from_baseline_point,real_failure_change_from_baseline_lo,real_failure_change_from_baseline_hi,imagined_change_from_baseline_point,imagined_change_from_baseline_lo,imagined_change_from_baseline_hi,progress_change_from_baseline_point,progress_change_from_baseline_lo,progress_change_from_baseline_hi,own_gap_change_from_baseline_point,own_gap_change_from_baseline_lo,own_gap_change_from_baseline_hi,common_k0_gap_change_from_baseline_point,common_k0_gap_change_from_baseline_lo,common_k0_gap_change_from_baseline_hi
0.0,rosarl_style,16,1,16,0.19015625,0.15140625000000002,0.23171874999999997,0.003125,0.0,0.009375000000000001,0.003125,0.0,0.009375000000000001,0.18703125,0.14828125000000003,0.22843749999999996,0.18703125,0.14828125000000003,0.22843749999999996,2.1413224250738545,2.0442836082653346,2.2376363254185145,0.02140625,0.0067187500000000025,0.040472656249999954,0.0,0.0,0.0,0.0004896672620546627,-0.005663417691076934,0.00718110241199856,0.02140625,0.0067187500000000025,0.040472656249999954,0.02140625,0.0067187500000000025,0.040472656249999954
0.0,rosarl_style,16,4,64,0.225625,0.18671875,0.2667187499999999,0.00390625,0.0,0.011250000000000001,0.00390625,0.0,0.011250000000000001,0.22171875,0.18265625,0.26234375,0.22171875,0.18265625,0.26234375,2.1437286917175853,2.0473078269021068,2.239826067732148,0.056875,0.031250000000000014,0.08406250000000001,0.00078125,-0.00046875,0.00296875,0.002895933905785296,-0.006137186581982143,0.011944124835336481,0.05609375,0.030625000000000006,0.083125,0.05609375,0.030625000000000006,0.083125
0.0,rosarl_style,16,16,256,0.30421875,0.26,0.3501601562499999,0.00515625,0.0,0.013437500000000002,0.00515625,0.0,0.013437500000000002,0.2990625,0.25421875,0.34562499999999985,0.2990625,0.25421875,0.34562499999999985,2.1427284525044037,2.0474363115319516,2.2382241305996846,0.13546875,0.09452734375000002,0.17781249999999998,0.00203125,0.0,0.005785156249999944,0.0018956946926038621,-0.011759280112819095,0.016152799674760583,0.1334375,0.09233984375000004,0.17609374999999994,0.1334375,0.09233984375000004,0.17609374999999994
0.0,rosarl_style,64,1,64,0.1821875,0.14484375,0.22234765624999994,0.00359375,0.0,0.010625000000000002,0.00359375,0.0,0.010625000000000002,0.17859375,0.14109375000000005,0.21891015624999993,0.17859375,0.14109375000000005,0.21891015624999993,2.1402457236502475,2.043651409144312,2.236587056619661,0.0134375,0.00015625000000000003,0.030625000000000006,0.00046875,0.0,0.0018750000000000004,-0.0005870341615521232,-0.0058461741056808365,0.004324111070968651,0.01296875,-0.00015624999999999927,0.029843750000000013,0.01296875,-0.00015624999999999927,0.029843750000000013
0.0,rosarl_style,64,4,256,0.21171875,0.17281249999999998,0.25234765625,0.00421875,0.0,0.012031250000000002,0.00421875,0.0,0.012031250000000002,0.2075,0.16812499999999997,0.24797265624999992,0.2075,0.16812499999999997,0.24797265624999992,2.136591672163422,2.0401057427006473,2.2342558816796694,0.04296875,0.017656250000000012,0.0703125,0.00109375,0.0,0.00375,-0.004241085648377717,-0.01385038500743506,0.005760087417059767,0.041875,0.016406250000000004,0.06922265624999994,0.041875,0.016406250000000004,0.06922265624999994
0.0,rosarl_style,64,16,1024,0.29296875,0.2554648437499999,0.3325039062499999,0.005625,0.0,0.0140625,0.005625,0.0,0.0140625,0.28734375,0.2496875,0.3267187499999999,0.28734375,0.2496875,0.3267187499999999,2.1506713855684905,2.0539786333421866,2.2472870469628132,0.12421875,0.09062499999999998,0.156875,0.0025,-0.00031250000000000006,0.0075,0.009838627756690277,-0.0055345913050990295,0.025196604558192035,0.12171875,0.088125,0.15468749999999995,0.12171875,0.088125,0.15468749999999995
0.0,rosarl_style,256,1,256,0.18875,0.15000000000000002,0.22921875,0.00328125,0.0,0.009843750000000004,0.00328125,0.0,0.009843750000000004,0.18546875,0.1465625,0.22625,0.18546875,0.1465625,0.22625,2.1414904087088877,2.045342497342135,2.237814198372605,0.02,0.005312500000000001,0.03953125000000001,0.00015625,0.0,0.0009375,0.0006576508970878954,-0.004797997937538426,0.0062583318468298,0.01984375,0.005156250000000001,0.03937500000000001,0.01984375,0.005156250000000001,0.03937500000000001
0.0,rosarl_style,256,4,1024,0.2159375,0.17890625000000002,0.25578124999999996,0.00421875,0.0,0.011875,0.00421875,0.0,0.011875,0.21171875,0.17375000000000002,0.2521875,0.21171875,0.17375000000000002,0.2521875,2.142536599819289,2.0468454421420286,2.2391262877266205,0.0471875,0.01968750000000001,0.07578125,0.00109375,0.0,0.0034375000000000005,0.0017038420074893224,-0.00821950108210467,0.011668189320573714,0.04609375,0.018593750000000006,0.07500000000000001,0.04609375,0.018593750000000006,0.07500000000000001
0.0,rosarl_style,256,16,4096,0.2746875,0.23405859375,0.31781249999999994,0.0046875,0.00015625000000000003,0.01234375,0.0046875,0.00015625000000000003,0.01234375,0.27,0.22968359374999991,0.31203125,0.27,0.22968359374999991,0.31203125,2.1621222541621523,2.0668210700094463,2.257716354416814,0.1059375,0.06906250000000003,0.14406640624999995,0.0015625,-0.00031249999999999995,0.004687500000000001,0.021289496350352287,0.005783937463237547,0.03731391942162796,0.104375,0.068125,0.14171874999999995,0.104375,0.068125,0.14171874999999995
0.0,zero,16,1,16,0.19015625,0.15140625000000002,0.23171874999999997,0.003125,0.0,0.009375000000000001,0.003125,0.0,0.009375000000000001,0.18703125,0.14828125000000003,0.22843749999999996,0.18703125,0.14828125000000003,0.22843749999999996,2.141321917193965,2.0442835524441265,2.2376363268706703,0.02140625,0.0067187500000000025,0.040472656249999954,0.0,0.0,0.0,0.0004891593821651974,-0.005663443159540923,0.007181089677766566,0.02140625,0.0067187500000000025,0.040472656249999954,0.02140625,0.0067187500000000025,0.040472656249999954
0.0,zero,16,4,64,0.22546875,0.18671484375,0.2665625,0.00390625,0.0,0.011250000000000001,0.00390625,0.0,0.011250000000000001,0.2215625,0.18296874999999996,0.26234374999999993,0.2215625,0.18296874999999996,0.26234374999999993,2.143834336384985,2.0475154851640114,2.2400853731950816,0.05671875,0.03109375000000001,0.08406250000000001,0.00078125,-0.00046875,0.00296875,0.00300157857318478,-0.006061326665598515,0.012048296659313234,0.0559375,0.030625000000000006,0.08312500000000002,0.0559375,0.030625000000000006,0.08312500000000002
0.0,zero,16,16,256,0.3096875,0.26718749999999986,0.35312890625,0.005,0.0,0.01265625,0.005,0.0,0.01265625,0.3046875,0.26280859374999993,0.34843749999999984,0.3046875,0.26280859374999993,0.34843749999999984,2.1472626828771344,2.051541168533365,2.2428425682223354,0.1409375,0.10078125000000002,0.18171874999999987,0.001875,-0.0006250000000000001,0.005937500000000001,0.006429925065334197,-0.008950632949064173,0.02256872400302432,0.1390625,0.09874999999999999,0.18015624999999993,0.1390625,0.09874999999999999,0.18015624999999993
0.0,zero,64,1,64,0.1821875,0.14484375,0.22234765624999994,0.00359375,0.0,0.010625000000000002,0.00359375,0.0,0.010625000000000002,0.17859375,0.14109375000000005,0.21891015624999993,0.17859375,0.14109375000000005,0.21891015624999993,2.1402457236502475,2.043651409144312,2.236587056619661,0.0134375,0.00015625000000000003,0.030625000000000006,0.00046875,0.0,0.0018750000000000004,-0.0005870341615521232,-0.0058461741056808365,0.004324111070968651,0.01296875,-0.00015624999999999927,0.029843750000000013,0.01296875,-0.00015624999999999927,0.029843750000000013
0.0,zero,64,4,256,0.2115625,0.17250000000000001,0.25187890625,0.00421875,0.0,0.012031250000000002,0.00421875,0.0,0.012031250000000002,0.20734375,0.16781249999999998,0.24812499999999996,0.20734375,0.16781249999999998,0.24812499999999996,2.1364809488381415,2.0403545830560006,2.2339147062513063,0.0428125,0.01750000000000001,0.07031250000000001,0.00109375,0.0,0.00375,-0.004351808973658744,-0.013853454761878947,0.005491391627473043,0.04171875,0.016089843750000034,0.0690625,0.04171875,0.016089843750000034,0.0690625
0.0,zero,64,16,1024,0.28546875,0.24828124999999993,0.3248437499999998,0.00515625,0.0,0.013281250000000003,0.00515625,0.0,0.013281250000000003,0.2803125,0.2428125,0.32015624999999986,0.2803125,0.2428125,0.32015624999999986,2.149145802452032,2.0522258313428936,2.2456255409784567,0.11671875,0.08296875000000002,0.14984375,0.00203125,-0.00031250000000000006,0.00671875,0.00831304464023191,-0.0069798371690075476,0.023769796719120086,0.1146875,0.08078125000000001,0.14812499999999998,0.1146875,0.08078125000000001,0.14812499999999998
0.0,zero,256,1,256,0.18875,0.15000000000000002,0.22921875,0.00328125,0.0,0.009843750000000004,0.00328125,0.0,0.009843750000000004,0.18546875,0.1465625,0.22625,0.18546875,0.1465625,0.22625,2.1414904087088877,2.045342497342135,2.237814198372605,0.02,0.005312500000000001,0.03953125000000001,0.00015625,0.0,0.0009375,0.0006576508970878954,-0.004797997937538426,0.0062583318468298,0.01984375,0.005156250000000001,0.03937500000000001,0.01984375,0.005156250000000001,0.03937500000000001
0.0,zero,256,4,1024,0.214375,0.17828125,0.25312500000000004,0.00390625,0.0,0.01140625,0.00390625,0.0,0.01140625,0.21046875,0.17343750000000005,0.24968749999999995,0.21046875,0.17343750000000005,0.24968749999999995,2.1404966784074437,2.044092969759941,2.23759302925298,0.045625,0.01890625000000001,0.0728125,0.00078125,0.0,0.0028125,-0.000336079404356336,-0.010130924810387885,0.009494199900929238,0.04484375,0.01796875000000001,0.07250000000000001,0.04484375,0.01796875000000001,0.07250000000000001
0.0,zero,256,16,4096,0.295625,0.25265234375,0.3398437499999999,0.0046875,0.00015625000000000003,0.0125,0.0046875,0.00015625000000000003,0.0125,0.2909375,0.24843749999999995,0.3346874999999999,0.2909375,0.24843749999999995,0.3346874999999999,2.1669289605428954,2.070978750965178,2.2618674529941654,0.126875,0.08812500000000001,0.16671874999999997,0.0015625,-0.00031249999999999984,0.004843750000000001,0.026096202731095045,0.010172107026709112,0.043124240875040604,0.1253125,0.08718750000000003,0.16453124999999996,0.1253125,0.08718750000000003,0.16453124999999996
1.0,rosarl_style,16,1,16,0.19296875,0.15328125,0.23515625,0.050595703125,0.041513427734375,0.061098632812499984,0.00375,0.0,0.01125,0.142373046875,0.10221411132812504,0.18475659179687504,0.18921875,0.14953125,0.23125000000000007,2.145749891361413,2.0499601807977377,2.2416982963279364,0.02421875,0.008593750000000004,0.044375000000000005,-3.90625e-05,-0.00048828125,0.00042968749999999995,0.0049171335496130675,0.00015939008277284154,0.011139004681787678,0.0242578125,0.008647460937500004,0.04457067871093752,0.02359375,0.008281250000000002,0.04375000000000001
1.0,rosarl_style,16,4,64,0.21640625,0.17828125,0.25656640625,0.0504931640625,0.041449951171875,0.06085449218749999,0.004375,0.0,0.0125,0.1659130859375,0.12685534667968754,0.20709973144531246,0.21203125,0.17359375,0.2526562499999999,2.1467032864599567,2.050904291591722,2.242787833457255,0.04765625,0.024843750000000005,0.07390625,-0.0001416015625,-0.0008203125000000001,0.000546875,0.005870528648156258,-0.0021612888755476816,0.014653077721337792,0.0477978515625,0.024916381835937508,0.07387756347656249,0.04640625,0.02359375000000001,0.07234375000000001
1.0,rosarl_style,16,16,256,0.2615625,0.22062500000000002,0.30359375,0.0501513671875,0.04114257812500001,0.0605908203125,0.0046875,0.0,0.012812500000000001,0.2114111328125,0.169739990234375,0.25398059082031255,0.256875,0.21562499999999998,0.2985937499999999,2.1458803215467865,2.0505474055540476,2.2419744686282534,0.0928125,0.05875000000000003,0.12765625,-0.0004833984375,-0.0013769531250000001,0.0004101562499999998,0.005047563734986382,-0.007791191654077862,0.017386602877362187,0.0932958984375,0.059247436523437516,0.12837951660156247,0.09125,0.05734375000000003,0.12609374999999995
1.0,rosarl_style,64,1,64,0.19421875,0.15437500000000004,0.23656640624999997,0.0506201171875,0.041484375000000004,0.06114794921874999,0.0034375,0.0,0.010312500000000002,0.1435986328125,0.1030755615234375,0.18642138671874997,0.19078125,0.15140625000000002,0.23296875,2.1438528157767833,2.047742636986522,2.2401388678568894,0.02546875,0.009531250000000005,0.04547265624999996,-1.46484375e-05,-0.00046874999999999993,0.00041516113281249835,0.0030200579649829174,-0.0016326519614640782,0.008706187773092195,0.0254833984375,0.009570190429687502,0.045542236328124985,0.02515625,0.009375000000000001,0.04515625000000001
1.0,rosarl_style,64,4,256,0.21765625,0.18031250000000004,0.25734375,0.050625,0.041513549804687494,0.060986450195312514,0.00390625,0.0,0.01125,0.16703125,0.12855908203125,0.20741943359375004,0.21375,0.1759375,0.25328124999999996,2.1405948206252696,2.0440317646481114,2.2374549461894904,0.04890625,0.022500000000000013,0.07531250000000003,-9.765625e-06,-0.0007227783203124992,0.000712890625,-0.00023793718653040196,-0.011636453402184164,0.011453284372687386,0.048916015625,0.022475341796875006,0.0754248046875,0.048125,0.021562500000000005,0.07453515624999997
1.0,rosarl_style,64,16,1024,0.23015625,0.19203124999999996,0.27031249999999984,0.049521484375,0.0406005859375,0.05977111816406252,0.0040625,0.0,0.011875000000000002,0.180634765625,0.14132312011718753,0.22212487792968746,0.22609375,0.18765624999999994,0.26671874999999995,2.1398886356229077,2.042783034637937,2.237755232871966,0.06140625,0.030468750000000006,0.0921875,-0.00111328125,-0.0020703125,-0.00017578125000000013,-0.0009441221888923443,-0.014313452170054251,0.012225130438113076,0.06251953125,0.031755981445312526,0.0932432861328125,0.06046875,0.029531250000000005,0.09141015624999997
1.0,rosarl_style,256,1,256,0.19796875,0.15937500000000002,0.23921874999999995,0.050703125,0.04159167480468752,0.0611866455078125,0.00328125,0.0,0.01,0.147265625,0.10831005859374998,0.188476806640625,0.1946875,0.15640625,0.23546875,2.1404935358188157,2.04371948567914,2.237520053523132,0.02921875,0.0125,0.05000000000000002,6.8359375e-05,-0.00036621093750000005,0.0005273437499999999,-0.00033922199298430043,-0.00619149538257592,0.005078269158350073,0.029150390625,0.012397216796874999,0.049932006835937515,0.0290625,0.012343750000000006,0.049843750000000006
1.0,rosarl_style,256,4,1024,0.22046875,0.18218749999999997,0.26156250000000003,0.0504931640625,0.041415771484374996,0.06089855957031252,0.00390625,0.0,0.0115625,0.1699755859375,0.13107385253906254,0.2120716552734375,0.2165625,0.17796875000000004,0.25796874999999997,2.144975033458497,2.049903211161923,2.2413362255630966,0.05171875,0.0253125,0.07984375,-0.0001416015625,-0.0008837890625,0.000615234375,0.004142275646696809,-0.006238867719660902,0.015398436206394509,0.0518603515625,0.025307373046875022,0.0800494384765625,0.0509375,0.0246875,0.07906249999999998
1.0,rosarl_style,256,16,4096,0.22359375,0.18671875,0.26234375,0.049482421875,0.04063452148437502,0.05962890625,0.00359375,0.0,0.010625000000000002,0.174111328125,0.1360791015625,0.21346215820312503,0.22,0.1828125,0.2592226562499999,2.1460906688757557,2.049397213477132,2.2433214793513416,0.05484375,0.025625000000000016,0.084375,-0.00115234375,-0.0020996093750000003,-0.0003222656250000001,0.0052579110639555,-0.007104492173607735,0.01780801299078459,0.05599609375,0.027035888671875005,0.08560070800781251,0.054375,0.025000000000000015,0.08421875
1.0,zero,16,1,16,0.19671875,0.15750000000000008,0.23875000000000007,0.050693359375,0.04159643554687499,0.061157470703124994,0.00359375,0.0,0.010625000000000002,0.146025390625,0.10632739257812501,0.18807373046875,0.193125,0.15359374999999997,0.23546875,2.1445792442288045,2.0482138766099935,2.2408306378201215,0.02796875,0.010781250000000003,0.04922265624999996,5.859375e-05,-0.00039062499999999986,0.0005078125000000002,0.0037464864170045358,-0.0023113443442199485,0.010737093271256163,0.02791015625,0.010717407226562507,0.049214843749999994,0.0275,0.010468750000000004,0.048593750000000005
1.0,zero,16,4,64,0.22203125,0.18296875,0.2626562499999999,0.0508251953125,0.0416942138671875,0.0613184814453125,0.004375,0.0,0.012191406249999944,0.1712060546875,0.13174804687500005,0.21213391113281252,0.21765625,0.17828125,0.25797265625,2.14801102486941,2.051442141402084,2.2447118152351693,0.05328125,0.026875000000000003,0.08203515624999996,0.0001904296875,-0.0005273437499999999,0.0009033203125,0.007178267057609577,-0.0018872771111211643,0.016919910758927646,0.0530908203125,0.026430419921874986,0.08213891601562498,0.05203125,0.02546875000000001,0.080625
1.0,zero,16,16,256,0.2775,0.2371875,0.3195351562499999,0.0505712890625,0.041503662109375,0.060864379882812514,0.004375,0.0,0.012187499999999999,0.2269287109375,0.18522448730468752,0.2706689453125,0.273125,0.23171875000000003,0.3157812499999999,2.148804096685179,2.0522276566916,2.245179195050207,0.10875,0.07140625000000003,0.14781249999999996,-6.34765625e-05,-0.001386840820312499,0.0012646484375000004,0.007971338873379164,-0.008258132971035954,0.02442513674412199,0.1088134765625,0.07149389648437504,0.14779125976562493,0.1075,0.07,0.14656249999999996
1.0,zero,64,1,64,0.185625,0.14702734375000004,0.22703515624999998,0.050654296875,0.0414744873046875,0.061264770507812524,0.00359375,0.0,0.010625000000000002,0.134970703125,0.09629248046875,0.17652905273437502,0.18203125,0.14312500000000006,0.22359765624999997,2.139998089649694,2.043465976321157,2.2365649131169643,0.016875,0.0045312500000000006,0.03343750000000001,1.953125e-05,-0.00036132812499999983,0.00041015625000000015,-0.0008346681621056212,-0.005183968898849357,0.0032478415103697157,0.01685546875,0.004477416992187502,0.03333630371093749,0.01640625,0.004375,0.03250390624999996
1.0,zero,64,4,256,0.22328125,0.18625000000000003,0.26250390625,0.0506982421875,0.041572021484375,0.061186889648437506,0.0034375,0.0,0.0103125,0.1725830078125,0.1342869873046875,0.21328137207031247,0.21984375,0.18234374999999997,0.25968749999999996,2.141453012131706,2.0446319118008858,2.237689292774923,0.05453125,0.027343750000000014,0.08156250000000001,6.34765625e-05,-0.0006396484375000002,0.0007861328125,0.0006202543199061039,-0.010545164241469292,0.011448223717753956,0.0544677734375,0.0273184814453125,0.08143151855468748,0.05421875,0.02718750000000001,0.08125000000000002
1.0,zero,64,16,1024,0.25203125,0.2145273437499999,0.29093749999999985,0.050205078125,0.041298706054687495,0.0605372314453125,0.0040625,0.0,0.011878906249999944,0.201826171875,0.16321777343750002,0.24267687988281245,0.24796875,0.20921874999999998,0.2873437499999999,2.1433530964371785,2.0447867766344605,2.2413421083879634,0.08328125,0.048281250000000026,0.11750000000000001,-0.0004296875,-0.0016309814453124988,0.0008251953124999999,0.002520338625378518,-0.012347200864050303,0.01735704617262137,0.0837109375,0.048978637695312494,0.1178515625,0.08234375,0.04734375000000002,0.11640625000000002
1.0,zero,256,1,256,0.20328125,0.16500000000000004,0.24453124999999998,0.0506103515625,0.04148413085937502,0.06114746093750001,0.0034375,0.0,0.010312500000000002,0.1526708984375,0.11393017578125002,0.19403979492187495,0.19984375,0.16218749999999998,0.240625,2.137539919460691,2.0397055570713643,2.234802265445909,0.03453125,0.014218750000000007,0.057656250000000006,-2.44140625e-05,-0.0005273437499999998,0.0004737548828124984,-0.0032928383511091923,-0.011504895692708607,0.004376848265003062,0.0345556640625,0.014252563476562506,0.0577393798828125,0.03421875,0.014062500000000006,0.05734375000000001
1.0,zero,256,4,1024,0.2190625,0.18218359375000004,0.25812499999999994,0.0504248046875,0.04133300781250001,0.060830444335937525,0.00359375,0.0,0.010625000000000002,0.1686376953125,0.130854248046875,0.2080238037109375,0.21546875,0.17796874999999998,0.25484375,2.145424197509394,2.0486417990336574,2.2421537131811187,0.0503125,0.02281250000000002,0.07750390624999998,-0.0002099609375,-0.0010009765625000001,0.0005859375000000001,0.004591439697593944,-0.006653237310858956,0.015999412058637953,0.0505224609375,0.0231883544921875,0.07772595214843749,0.04984375,0.02234375000000001,0.07718750000000002
1.0,zero,256,16,4096,0.2565625,0.21859374999999998,0.2960937499999998,0.050869140625,0.0419774169921875,0.061142578125,0.00453125,0.00015625000000000003,0.01234375,0.205693359375,0.1667572021484375,0.24625,0.25203125,0.21359375000000003,0.2917187499999999,2.1551412334920133,2.0567358128922817,2.2538013305445492,0.0878125,0.05093750000000001,0.12453124999999998,0.000234375,-0.0011914062499999998,0.0017432861328124986,0.014308475680213005,-0.004142421646530115,0.03388603203357668,0.087578125,0.05091760253906249,0.12404821777343747,0.08640625,0.049375000000000016,0.123125
