noise_k,penalty_mode,population,generation,offspring_evaluations,real_failure_point,real_failure_lo,real_failure_hi,imagined_failure_point,imagined_failure_lo,imagined_failure_hi,gap_own_noise_point,gap_own_noise_lo,gap_own_noise_hi,gap_common_k0_point,gap_common_k0_lo,gap_common_k0_hi,real_progress_point,real_progress_lo,real_progress_hi
0.0,rosarl_style,16,1,16,0.19015625,0.15140625000000002,0.23171874999999997,0.003125,0.0,0.009375000000000001,0.18703125,0.14828125000000003,0.22843749999999996,0.18703125,0.14828125000000003,0.22843749999999996,2.1413224250738545,2.0442836082653346,2.2376363254185145
0.0,rosarl_style,16,4,64,0.225625,0.18671875,0.2667187499999999,0.00390625,0.0,0.011250000000000001,0.22171875,0.18265625,0.26234375,0.22171875,0.18265625,0.26234375,2.1437286917175853,2.0473078269021068,2.239826067732148
0.0,rosarl_style,16,16,256,0.30421875,0.26,0.3501601562499999,0.00515625,0.0,0.013437500000000002,0.2990625,0.25421875,0.34562499999999985,0.2990625,0.25421875,0.34562499999999985,2.1427284525044037,2.0474363115319516,2.2382241305996846
0.0,rosarl_style,64,1,64,0.1821875,0.14484375,0.22234765624999994,0.00359375,0.0,0.010625000000000002,0.17859375,0.14109375000000005,0.21891015624999993,0.17859375,0.14109375000000005,0.21891015624999993,2.1402457236502475,2.043651409144312,2.236587056619661
0.0,rosarl_style,64,4,256,0.21171875,0.17281249999999998,0.25234765625,0.00421875,0.0,0.012031250000000002,0.2075,0.16812499999999997,0.24797265624999992,0.2075,0.16812499999999997,0.24797265624999992,2.136591672163422,2.0401057427006473,2.2342558816796694
0.0,rosarl_style,64,16,1024,0.29296875,0.2554648437499999,0.3325039062499999,0.005625,0.0,0.0140625,0.28734375,0.2496875,0.3267187499999999,0.28734375,0.2496875,0.3267187499999999,2.1506713855684905,2.0539786333421866,2.2472870469628132
0.0,rosarl_style,256,1,256,0.18875,0.15000000000000002,0.22921875,0.00328125,0.0,0.009843750000000004,0.18546875,0.1465625,0.22625,0.18546875,0.1465625,0.22625,2.1414904087088877,2.045342497342135,2.237814198372605
0.0,rosarl_style,256,4,1024,0.2159375,0.17890625000000002,0.25578124999999996,0.00421875,0.0,0.011875,0.21171875,0.17375000000000002,0.2521875,0.21171875,0.17375000000000002,0.2521875,2.142536599819289,2.0468454421420286,2.2391262877266205
0.0,rosarl_style,256,16,4096,0.2746875,0.23405859375,0.31781249999999994,0.0046875,0.00015625000000000003,0.01234375,0.27,0.22968359374999991,0.31203125,0.27,0.22968359374999991,0.31203125,2.1621222541621523,2.0668210700094463,2.257716354416814
0.0,zero,16,1,16,0.19015625,0.15140625000000002,0.23171874999999997,0.003125,0.0,0.009375000000000001,0.18703125,0.14828125000000003,0.22843749999999996,0.18703125,0.14828125000000003,0.22843749999999996,2.141321917193965,2.0442835524441265,2.2376363268706703
0.0,zero,16,4,64,0.22546875,0.18671484375,0.2665625,0.00390625,0.0,0.011250000000000001,0.2215625,0.18296874999999996,0.26234374999999993,0.2215625,0.18296874999999996,0.26234374999999993,2.143834336384985,2.0475154851640114,2.2400853731950816
0.0,zero,16,16,256,0.3096875,0.26718749999999986,0.35312890625,0.005,0.0,0.01265625,0.3046875,0.26280859374999993,0.34843749999999984,0.3046875,0.26280859374999993,0.34843749999999984,2.1472626828771344,2.051541168533365,2.2428425682223354
0.0,zero,64,1,64,0.1821875,0.14484375,0.22234765624999994,0.00359375,0.0,0.010625000000000002,0.17859375,0.14109375000000005,0.21891015624999993,0.17859375,0.14109375000000005,0.21891015624999993,2.1402457236502475,2.043651409144312,2.236587056619661
0.0,zero,64,4,256,0.2115625,0.17250000000000001,0.25187890625,0.00421875,0.0,0.012031250000000002,0.20734375,0.16781249999999998,0.24812499999999996,0.20734375,0.16781249999999998,0.24812499999999996,2.1364809488381415,2.0403545830560006,2.2339147062513063
0.0,zero,64,16,1024,0.28546875,0.24828124999999993,0.3248437499999998,0.00515625,0.0,0.013281250000000003,0.2803125,0.2428125,0.32015624999999986,0.2803125,0.2428125,0.32015624999999986,2.149145802452032,2.0522258313428936,2.2456255409784567
0.0,zero,256,1,256,0.18875,0.15000000000000002,0.22921875,0.00328125,0.0,0.009843750000000004,0.18546875,0.1465625,0.22625,0.18546875,0.1465625,0.22625,2.1414904087088877,2.045342497342135,2.237814198372605
0.0,zero,256,4,1024,0.214375,0.17828125,0.25312500000000004,0.00390625,0.0,0.01140625,0.21046875,0.17343750000000005,0.24968749999999995,0.21046875,0.17343750000000005,0.24968749999999995,2.1404966784074437,2.044092969759941,2.23759302925298
0.0,zero,256,16,4096,0.295625,0.25265234375,0.3398437499999999,0.0046875,0.00015625000000000003,0.0125,0.2909375,0.24843749999999995,0.3346874999999999,0.2909375,0.24843749999999995,0.3346874999999999,2.1669289605428954,2.070978750965178,2.2618674529941654
1.0,rosarl_style,16,1,16,0.19296875,0.15328125,0.23515625,0.050595703125,0.041513427734375,0.061098632812499984,0.142373046875,0.10221411132812504,0.18475659179687504,0.18921875,0.14953125,0.23125000000000007,2.145749891361413,2.0499601807977377,2.2416982963279364
1.0,rosarl_style,16,4,64,0.21640625,0.17828125,0.25656640625,0.0504931640625,0.041449951171875,0.06085449218749999,0.1659130859375,0.12685534667968754,0.20709973144531246,0.21203125,0.17359375,0.2526562499999999,2.1467032864599567,2.050904291591722,2.242787833457255
1.0,rosarl_style,16,16,256,0.2615625,0.22062500000000002,0.30359375,0.0501513671875,0.04114257812500001,0.0605908203125,0.2114111328125,0.169739990234375,0.25398059082031255,0.256875,0.21562499999999998,0.2985937499999999,2.1458803215467865,2.0505474055540476,2.2419744686282534
1.0,rosarl_style,64,1,64,0.19421875,0.15437500000000004,0.23656640624999997,0.0506201171875,0.041484375000000004,0.06114794921874999,0.1435986328125,0.1030755615234375,0.18642138671874997,0.19078125,0.15140625000000002,0.23296875,2.1438528157767833,2.047742636986522,2.2401388678568894
1.0,rosarl_style,64,4,256,0.21765625,0.18031250000000004,0.25734375,0.050625,0.041513549804687494,0.060986450195312514,0.16703125,0.12855908203125,0.20741943359375004,0.21375,0.1759375,0.25328124999999996,2.1405948206252696,2.0440317646481114,2.2374549461894904
1.0,rosarl_style,64,16,1024,0.23015625,0.19203124999999996,0.27031249999999984,0.049521484375,0.0406005859375,0.05977111816406252,0.180634765625,0.14132312011718753,0.22212487792968746,0.22609375,0.18765624999999994,0.26671874999999995,2.1398886356229077,2.042783034637937,2.237755232871966
1.0,rosarl_style,256,1,256,0.19796875,0.15937500000000002,0.23921874999999995,0.050703125,0.04159167480468752,0.0611866455078125,0.147265625,0.10831005859374998,0.188476806640625,0.1946875,0.15640625,0.23546875,2.1404935358188157,2.04371948567914,2.237520053523132
1.0,rosarl_style,256,4,1024,0.22046875,0.18218749999999997,0.26156250000000003,0.0504931640625,0.041415771484374996,0.06089855957031252,0.1699755859375,0.13107385253906254,0.2120716552734375,0.2165625,0.17796875000000004,0.25796874999999997,2.144975033458497,2.049903211161923,2.2413362255630966
1.0,rosarl_style,256,16,4096,0.22359375,0.18671875,0.26234375,0.049482421875,0.04063452148437502,0.05962890625,0.174111328125,0.1360791015625,0.21346215820312503,0.22,0.1828125,0.2592226562499999,2.1460906688757557,2.049397213477132,2.2433214793513416
1.0,zero,16,1,16,0.19671875,0.15750000000000008,0.23875000000000007,0.050693359375,0.04159643554687499,0.061157470703124994,0.146025390625,0.10632739257812501,0.18807373046875,0.193125,0.15359374999999997,0.23546875,2.1445792442288045,2.0482138766099935,2.2408306378201215
1.0,zero,16,4,64,0.22203125,0.18296875,0.2626562499999999,0.0508251953125,0.0416942138671875,0.0613184814453125,0.1712060546875,0.13174804687500005,0.21213391113281252,0.21765625,0.17828125,0.25797265625,2.14801102486941,2.051442141402084,2.2447118152351693
1.0,zero,16,16,256,0.2775,0.2371875,0.3195351562499999,0.0505712890625,0.041503662109375,0.060864379882812514,0.2269287109375,0.18522448730468752,0.2706689453125,0.273125,0.23171875000000003,0.3157812499999999,2.148804096685179,2.0522276566916,2.245179195050207
1.0,zero,64,1,64,0.185625,0.14702734375000004,0.22703515624999998,0.050654296875,0.0414744873046875,0.061264770507812524,0.134970703125,0.09629248046875,0.17652905273437502,0.18203125,0.14312500000000006,0.22359765624999997,2.139998089649694,2.043465976321157,2.2365649131169643
1.0,zero,64,4,256,0.22328125,0.18625000000000003,0.26250390625,0.0506982421875,0.041572021484375,0.061186889648437506,0.1725830078125,0.1342869873046875,0.21328137207031247,0.21984375,0.18234374999999997,0.25968749999999996,2.141453012131706,2.0446319118008858,2.237689292774923
1.0,zero,64,16,1024,0.25203125,0.2145273437499999,0.29093749999999985,0.050205078125,0.041298706054687495,0.0605372314453125,0.201826171875,0.16321777343750002,0.24267687988281245,0.24796875,0.20921874999999998,0.2873437499999999,2.1433530964371785,2.0447867766344605,2.2413421083879634
1.0,zero,256,1,256,0.20328125,0.16500000000000004,0.24453124999999998,0.0506103515625,0.04148413085937502,0.06114746093750001,0.1526708984375,0.11393017578125002,0.19403979492187495,0.19984375,0.16218749999999998,0.240625,2.137539919460691,2.0397055570713643,2.234802265445909
1.0,zero,256,4,1024,0.2190625,0.18218359375000004,0.25812499999999994,0.0504248046875,0.04133300781250001,0.060830444335937525,0.1686376953125,0.130854248046875,0.2080238037109375,0.21546875,0.17796874999999998,0.25484375,2.145424197509394,2.0486417990336574,2.2421537131811187
1.0,zero,256,16,4096,0.2565625,0.21859374999999998,0.2960937499999998,0.050869140625,0.0419774169921875,0.061142578125,0.205693359375,0.1667572021484375,0.24625,0.25203125,0.21359375000000003,0.2917187499999999,2.1551412334920133,2.0567358128922817,2.2538013305445492
